{"cameraMode":{"drawMode":0,"name":"Shaded","section":"Shading Mode"},"sceneLighting":false,"audioPlay":false,"sceneViewState":{"showFog":true,"showMaterialUpdate":false,"showSkybox":false,"showFlares":true,"showImageEffects":true,"showParticleSystems":true},"in2DMode":false,"pivot":{"x":420.54498291015627,"y":158.74647521972657,"z":-2.245512008666992},"rotation":{"x":0.0138088995590806,"y":0.007494839373975992,"z":-0.00010340298467781395,"w":0.999879777431488},"size":106.27088165283203,"orthographic":false}