{"cameraMode":{"drawMode":0,"name":"Shaded","section":"Shading Mode"},"sceneLighting":false,"audioPlay":false,"sceneViewState":{"showFog":true,"showMaterialUpdate":false,"showSkybox":false,"showFlares":true,"showImageEffects":true,"showParticleSystems":true},"in2DMode":false,"pivot":{"x":358.4820251464844,"y":211.10159301757813,"z":0.1311779022216797},"rotation":{"x":0.0138088995590806,"y":0.007494839373975992,"z":-0.00010340298467781395,"w":0.999879777431488},"size":194.0465850830078,"orthographic":false}