{"cameraMode":{"drawMode":0,"name":"Shaded","section":"Shading Mode"},"sceneLighting":false,"audioPlay":false,"sceneViewState":{"showFog":true,"showMaterialUpdate":false,"showSkybox":false,"showFlares":true,"showImageEffects":true,"showParticleSystems":true},"in2DMode":false,"pivot":{"x":405.3405456542969,"y":252.08106994628907,"z":0.5588340759277344},"rotation":{"x":0.0063096447847783569,"y":0.0014955722726881505,"z":-0.000009323776794190053,"w":0.9999819993972778},"size":337.9131164550781,"orthographic":false}