{"cameraMode":{"drawMode":0,"name":"Shaded","section":"Shading Mode"},"sceneLighting":false,"audioPlay":false,"sceneViewState":{"showFog":true,"showMaterialUpdate":false,"showSkybox":false,"showFlares":true,"showImageEffects":true,"showParticleSystems":true},"in2DMode":false,"pivot":{"x":566.0521240234375,"y":221.4379425048828,"z":0.0},"rotation":{"x":0.03321368992328644,"y":-0.07339774072170258,"z":0.00244587822817266,"w":0.9967496991157532},"size":608.0816650390625,"orthographic":false}